-- phpMyAdmin SQL Dump
-- version 4.6.4
-- https://www.phpmyadmin.net/
--
-- Host: 127.0.0.1
-- Generation Time: May 13, 2017 at 01:11 PM
-- Server version: 5.7.14
-- PHP Version: 5.6.25

SET SQL_MODE = "NO_AUTO_VALUE_ON_ZERO";
SET time_zone = "+00:00";


/*!40101 SET @OLD_CHARACTER_SET_CLIENT=@@CHARACTER_SET_CLIENT */;
/*!40101 SET @OLD_CHARACTER_SET_RESULTS=@@CHARACTER_SET_RESULTS */;
/*!40101 SET @OLD_COLLATION_CONNECTION=@@COLLATION_CONNECTION */;
/*!40101 SET NAMES utf8mb4 */;

--
-- Database: `iml`
--

-- --------------------------------------------------------

--
-- Table structure for table `comment_attachments`
--

CREATE TABLE `comment_attachments` (
  `att_id` int(11) NOT NULL,
  `comment_id` int(11) NOT NULL,
  `attachment_type` varchar(20) NOT NULL,
  `attachment_path` text NOT NULL,
  `isActive` bit(1) NOT NULL,
  `created_on` timestamp NOT NULL DEFAULT CURRENT_TIMESTAMP,
  `created_by` int(11) NOT NULL,
  `updated_on` timestamp NOT NULL DEFAULT CURRENT_TIMESTAMP,
  `updated_by` int(11) NOT NULL
) ENGINE=InnoDB DEFAULT CHARSET=latin1;

--
-- Dumping data for table `comment_attachments`
--

INSERT INTO `comment_attachments` (`att_id`, `comment_id`, `attachment_type`, `attachment_path`, `isActive`, `created_on`, `created_by`, `updated_on`, `updated_by`) VALUES
(1, 2, 'images', '20170210143131000000homepage_background.jpg', b'1', '2017-02-10 13:31:34', 1, '2017-02-10 13:31:34', 1),
(2, 3, 'images', '20170210143201000000logo-red.png', b'1', '2017-02-10 13:32:02', 1, '2017-02-10 13:32:02', 1),
(3, 3, 'images', '20170210143201000000homepage_background.jpg', b'1', '2017-02-10 13:32:02', 1, '2017-02-10 13:32:02', 1),
(4, 10, 'images', '20170211155003000000bg.jpg', b'1', '2017-02-11 14:50:11', 1, '2017-02-11 14:50:11', 1),
(5, 10, 'images', '20170211155009000000user-image.png', b'1', '2017-02-11 14:50:11', 1, '2017-02-11 14:50:11', 1),
(6, 42, 'images', '20170408081917000000855354f514e70099cbd0220ded75ddc3.JPG', b'1', '2017-04-08 08:19:18', 21, '2017-04-08 08:19:18', 21),
(7, 44, 'images', '20170410085917000000855354f514e70099cbd0220ded75ddc3.JPG', b'1', '2017-04-10 08:59:18', 22, '2017-04-10 08:59:18', 22),
(8, 45, 'images', '20170410090608000000665091.jpg', b'1', '2017-04-10 09:06:10', 22, '2017-04-10 09:06:10', 22),
(9, 46, 'images', '20170410090748000000d9c84860f3bef6445c8b1ed4b09de024.JPG', b'1', '2017-04-10 09:07:51', 22, '2017-04-10 09:07:51', 22),
(10, 47, 'images', '20170410091521000000511052.jpg', b'1', '2017-04-10 09:15:23', 22, '2017-04-10 09:15:23', 22),
(11, 48, 'images', '20170410092649000000kanganaranaut.png', b'1', '2017-04-10 09:26:52', 22, '2017-04-10 09:26:52', 22),
(12, 49, 'images', '20170410092907000000kiaraadvani.png', b'1', '2017-04-10 09:29:08', 22, '2017-04-10 09:29:08', 22),
(13, 97, 'images', '20170426111848000000Maoists_massacre_25_CRPF_troopers_in_Chhattisgarh__Modi_reacts234235831.JPG', b'1', '2017-04-26 11:18:48', 22, '2017-04-26 11:18:48', 22),
(14, 111, 'images', '2017042611282600000006bb97990b06b27b2fe7880db9f798f5.JPG', b'1', '2017-04-26 11:28:26', 22, '2017-04-26 11:28:26', 22),
(15, 112, 'images', '2017042611304300000003b842276f56861d7f1c7b33af817f87.jpg', b'1', '2017-04-26 11:30:43', 22, '2017-04-26 11:30:43', 22),
(16, 113, 'images', '201704261135400000007e76590d10b3ff4f9f9669b11a4228d2.JPG', b'1', '2017-04-26 11:35:40', 22, '2017-04-26 11:35:40', 22),
(17, 114, 'images', '201704261138360000002.png', b'1', '2017-04-26 11:38:36', 22, '2017-04-26 11:38:36', 22),
(18, 115, 'images', '201704261142210000002f262f362ccfa455701129ec6aedb2df.JPG', b'1', '2017-04-26 11:42:21', 22, '2017-04-26 11:42:21', 22),
(19, 116, 'images', '201704261142580000002f262f362ccfa455701129ec6aedb2df.JPG', b'1', '2017-04-26 11:42:58', 22, '2017-04-26 11:42:58', 22),
(20, 117, 'images', '2017042611432600000044_Sikh_leaders_summoned_to_Akal_Takht1126405471.JPG', b'1', '2017-04-26 11:43:26', 22, '2017-04-26 11:43:26', 22),
(21, 130, 'images', '201704261301160000002f262f362ccfa455701129ec6aedb2df.JPG', b'1', '2017-04-26 13:01:16', 22, '2017-04-26 13:01:16', 22),
(22, 134, 'images', '2017042613141200000006bb97990b06b27b2fe7880db9f798f5.JPG', b'1', '2017-04-26 13:14:12', 22, '2017-04-26 13:14:12', 22),
(23, 135, 'images', '2017042613154100000006bb97990b06b27b2fe7880db9f798f5.JPG', b'1', '2017-04-26 13:15:41', 22, '2017-04-26 13:15:41', 22),
(24, 136, 'images', '201704261317310000007e76590d10b3ff4f9f9669b11a4228d2.JPG', b'1', '2017-04-26 13:17:31', 22, '2017-04-26 13:17:31', 22),
(25, 137, 'images', '20170426131759000000615df6cc7a6bdf00c1a834140427fd63.JPG', b'1', '2017-04-26 13:17:59', 22, '2017-04-26 13:17:59', 22),
(26, 139, 'images', '2017042613203900000080fa1fc3b27f24997e1b5fb2e6a13ac3.JPG', b'1', '2017-04-26 13:20:39', 22, '2017-04-26 13:20:39', 22),
(27, 140, 'images', '2017042613264400000033306d6948a059f945cce56cd429fdf8.JPG', b'1', '2017-04-26 13:26:44', 22, '2017-04-26 13:26:44', 22);

-- --------------------------------------------------------

--
-- Table structure for table `group_categories`
--

CREATE TABLE `group_categories` (
  `CAT_ID` int(11) NOT NULL,
  `CAT_NAME` varchar(120) NOT NULL,
  `isActive` bit(1) NOT NULL,
  `created_On` timestamp NOT NULL DEFAULT CURRENT_TIMESTAMP,
  `Created_By` int(11) NOT NULL,
  `Updated_On` timestamp NOT NULL DEFAULT CURRENT_TIMESTAMP,
  `Updated_By` int(11) NOT NULL
) ENGINE=InnoDB DEFAULT CHARSET=latin1;

--
-- Dumping data for table `group_categories`
--

INSERT INTO `group_categories` (`CAT_ID`, `CAT_NAME`, `isActive`, `created_On`, `Created_By`, `Updated_On`, `Updated_By`) VALUES
(1, 'Solo', b'1', '2017-01-30 10:02:27', 1, '2017-01-30 10:02:27', 1),
(2, 'Duet', b'1', '2017-01-30 10:02:27', 1, '2017-01-30 10:02:27', 1);

-- --------------------------------------------------------

--
-- Table structure for table `iml_comment_song`
--

CREATE TABLE `iml_comment_song` (
  `COM_ID` int(11) NOT NULL,
  `ID` int(11) NOT NULL,
  `parent_id` int(11) NOT NULL DEFAULT '0',
  `AUTHOR` varchar(120) COLLATE latin1_general_ci DEFAULT NULL,
  `EMAIL` varchar(120) COLLATE latin1_general_ci DEFAULT NULL,
  `COMMENTS` text COLLATE latin1_general_ci NOT NULL,
  `DATE` datetime DEFAULT NULL,
  `Song_id` int(11) NOT NULL,
  `isActive` bit(1) NOT NULL,
  `created_On` timestamp NOT NULL DEFAULT CURRENT_TIMESTAMP,
  `Created_By` int(11) NOT NULL,
  `Updated_On` timestamp NOT NULL DEFAULT CURRENT_TIMESTAMP,
  `Updated_By` int(11) NOT NULL
) ENGINE=InnoDB DEFAULT CHARSET=latin1 COLLATE=latin1_general_ci;

--
-- Dumping data for table `iml_comment_song`
--

INSERT INTO `iml_comment_song` (`COM_ID`, `ID`, `parent_id`, `AUTHOR`, `EMAIL`, `COMMENTS`, `DATE`, `Song_id`, `isActive`, `created_On`, `Created_By`, `Updated_On`, `Updated_By`) VALUES
(1, 1, 0, NULL, NULL, 'Post without attachment', NULL, 0, b'1', '2017-02-10 13:31:10', 1, '2017-02-10 13:31:10', 1),
(2, 1, 0, NULL, NULL, 'Test Post With 1 Attachment', NULL, 0, b'1', '2017-02-10 13:31:34', 1, '2017-02-10 13:31:34', 1),
(3, 1, 0, NULL, NULL, 'test comment with multiple attachments', NULL, 0, b'1', '2017-02-10 13:32:02', 1, '2017-02-10 13:32:02', 1),
(4, 1, 0, NULL, NULL, 'test 1', NULL, 0, b'1', '2017-02-11 14:30:36', 1, '2017-02-11 14:30:36', 1),
(5, 1, 0, NULL, NULL, 'test 2', NULL, 0, b'1', '2017-02-11 14:30:45', 1, '2017-02-11 14:30:45', 1),
(6, 1, 0, NULL, NULL, 'test 4', NULL, 0, b'1', '2017-02-11 14:31:15', 1, '2017-02-11 14:31:15', 1),
(7, 1, 0, NULL, NULL, 'test 5\r\n', NULL, 0, b'1', '2017-02-11 14:31:50', 1, '2017-02-11 14:31:50', 1),
(8, 1, 0, NULL, NULL, 'test 6', NULL, 0, b'1', '2017-02-11 14:33:09', 1, '2017-02-11 14:33:09', 1),
(9, 1, 0, NULL, NULL, 'test 7', NULL, 0, b'1', '2017-02-11 14:33:20', 1, '2017-02-11 14:33:20', 1),
(10, 1, 0, NULL, NULL, 'test 8 with attachment', NULL, 0, b'1', '2017-02-11 14:50:11', 1, '2017-02-11 14:50:11', 1),
(11, 1, 9, NULL, NULL, 'hmm', NULL, 0, b'1', '2017-04-03 10:07:35', 1, '2017-04-03 10:07:35', 1),
(12, 1, -1, NULL, NULL, 'soo', NULL, 11, b'1', '2017-04-03 10:08:35', 1, '2017-04-03 10:08:35', 1),
(13, 1, 0, NULL, NULL, 'hello new post', NULL, 0, b'1', '2017-04-03 10:10:13', 1, '2017-04-03 10:10:13', 1),
(14, 1, 0, NULL, NULL, 'sgsdf', NULL, 13, b'1', '2017-04-03 10:13:45', 1, '2017-04-03 10:13:45', 1),
(15, 1, 0, NULL, NULL, 'dfgfdg', NULL, 13, b'1', '2017-04-03 10:14:10', 1, '2017-04-03 10:14:10', 1),
(16, 1, 0, NULL, NULL, 'testing', NULL, 0, b'1', '2017-04-03 11:01:48', 1, '2017-04-03 11:01:48', 1),
(17, 1, 2, NULL, NULL, 'lets see', NULL, 0, b'1', '2017-04-04 07:32:50', 1, '2017-04-04 07:32:50', 1),
(18, 1, -1, NULL, NULL, 'hmmm', NULL, 16, b'1', '2017-04-04 07:33:06', 1, '2017-04-04 07:33:06', 1),
(19, 1, -1, NULL, NULL, 'hello', NULL, 11, b'1', '2017-04-05 09:32:43', 1, '2017-04-05 09:32:43', 1),
(20, 1, 0, NULL, NULL, 'hello', NULL, 14, b'1', '2017-04-05 09:35:22', 1, '2017-04-05 09:35:22', 1),
(21, 1, -1, NULL, NULL, 'testing', NULL, 10, b'1', '2017-04-05 09:51:02', 1, '2017-04-05 09:51:02', 1),
(22, 1, -1, NULL, NULL, 'again testing', NULL, 10, b'1', '2017-04-05 09:52:25', 1, '2017-04-05 09:52:25', 1),
(23, 1, -1, NULL, NULL, 'hmm again', NULL, 10, b'1', '2017-04-05 09:56:47', 1, '2017-04-05 09:56:47', 1),
(24, 1, -1, NULL, NULL, 'hello', NULL, 10, b'1', '2017-04-05 09:59:29', 1, '2017-04-05 09:59:29', 1),
(25, 1, 0, NULL, NULL, 'hello', NULL, 13, b'1', '2017-04-05 11:46:06', 1, '2017-04-05 11:46:06', 1),
(26, 1, 0, NULL, NULL, 'sdfsdf', NULL, 13, b'1', '2017-04-05 11:47:23', 1, '2017-04-05 11:47:23', 1),
(27, 1, -1, NULL, NULL, 'lets see', NULL, 10, b'1', '2017-04-05 12:08:59', 1, '2017-04-05 12:08:59', 1),
(28, 1, 0, NULL, NULL, 'sdsdfsdfsd', NULL, 13, b'1', '2017-04-06 09:22:25', 1, '2017-04-06 09:22:25', 1),
(29, 1, 0, NULL, NULL, 'ergfdgfdg', NULL, 13, b'1', '2017-04-06 09:30:47', 1, '2017-04-06 09:30:47', 1),
(30, 1, 0, NULL, NULL, 'rex', NULL, 13, b'1', '2017-04-06 11:12:51', 1, '2017-04-06 11:12:51', 1),
(31, 1, 0, NULL, NULL, 'latest', NULL, 13, b'1', '2017-04-06 13:22:48', 1, '2017-04-06 13:22:48', 1),
(32, 1, 0, NULL, NULL, 'hello', NULL, 15, b'1', '2017-04-06 13:23:27', 1, '2017-04-06 13:23:27', 1),
(33, 1, -1, NULL, NULL, 'ggggg', NULL, 10, b'1', '2017-04-07 06:39:33', 1, '2017-04-07 06:39:33', 1),
(34, 21, -1, NULL, NULL, 'hello from rajkumar', NULL, 10, b'1', '2017-04-07 09:19:57', 21, '2017-04-07 09:19:57', 21),
(35, 21, 0, NULL, NULL, 'Hello', NULL, 15, b'1', '2017-04-07 09:32:12', 21, '2017-04-07 09:32:12', 21),
(36, 21, 0, NULL, NULL, 'sdfsdfsd', NULL, 15, b'1', '2017-04-07 11:17:42', 21, '2017-04-07 11:17:42', 21),
(37, 21, 36, NULL, NULL, 'hmmm', NULL, 0, b'1', '2017-04-07 11:20:03', 21, '2017-04-07 11:20:03', 21),
(38, 21, 0, NULL, NULL, 'test', NULL, 16, b'1', '2017-04-08 07:37:34', 21, '2017-04-08 07:37:34', 21),
(39, 21, 0, NULL, NULL, 'test 1', NULL, 0, b'1', '2017-04-08 07:51:39', 21, '2017-04-08 07:51:39', 21),
(40, 21, 0, NULL, NULL, 'test 2', NULL, 0, b'1', '2017-04-08 07:51:47', 21, '2017-04-08 07:51:47', 21),
(41, 21, 0, NULL, NULL, 'hello', NULL, 12, b'1', '2017-04-08 08:18:06', 21, '2017-04-08 08:18:06', 21),
(42, 21, 0, NULL, NULL, 'adfDFdafDAFADFSAFDSA', NULL, 0, b'1', '2017-04-08 08:19:18', 21, '2017-04-08 08:19:18', 21),
(43, 22, 0, NULL, NULL, 'gfdggfdgfdg', NULL, 15, b'1', '2017-04-08 11:33:51', 22, '2017-04-08 11:33:51', 22),
(44, 22, 0, NULL, NULL, 'testing file comment', NULL, 0, b'1', '2017-04-10 08:59:18', 22, '2017-04-10 08:59:18', 22),
(45, 22, 0, NULL, NULL, 'another one', NULL, 0, b'1', '2017-04-10 09:06:10', 22, '2017-04-10 09:06:10', 22),
(46, 22, 0, NULL, NULL, 'sdfsdfs', NULL, 0, b'1', '2017-04-10 09:07:51', 22, '2017-04-10 09:07:51', 22),
(47, 22, 0, NULL, NULL, 'sdfsdfsd', NULL, 0, b'1', '2017-04-10 09:15:23', 22, '2017-04-10 09:15:23', 22),
(48, 22, 0, NULL, NULL, 'sfsdf', NULL, 0, b'1', '2017-04-10 09:26:52', 22, '2017-04-10 09:26:52', 22),
(49, 22, 0, NULL, NULL, 'vssd', NULL, 0, b'1', '2017-04-10 09:29:08', 22, '2017-04-10 09:29:08', 22),
(50, 22, 0, NULL, NULL, 'adcdsfd', NULL, 15, b'1', '2017-04-11 06:43:22', 22, '2017-04-11 06:43:22', 22),
(51, 22, 0, NULL, NULL, 'adcdsfdnvbnvbn', NULL, 15, b'1', '2017-04-11 06:43:32', 22, '2017-04-11 06:43:32', 22),
(52, 22, 0, NULL, NULL, 'Test', NULL, 0, b'1', '2017-04-13 11:52:23', 22, '2017-04-13 11:52:23', 22),
(53, 22, 0, NULL, NULL, 'vcvxcv', NULL, 0, b'1', '2017-04-13 11:57:37', 22, '2017-04-13 11:57:37', 22),
(54, 22, 53, NULL, NULL, 'vxvxcvxcv', NULL, 0, b'1', '2017-04-13 11:57:44', 22, '2017-04-13 11:57:44', 22),
(55, 22, 53, NULL, NULL, 'shxgsxglkxhajkxhkjxhkjxhkxhkshxkajhakjxhkajxhkasjxhkaxxh', NULL, 0, b'1', '2017-04-14 09:06:41', 22, '2017-04-14 09:06:41', 22),
(56, 22, -1, NULL, NULL, 'gaurav comments', NULL, 11, b'1', '2017-04-14 16:36:36', 22, '2017-04-14 16:36:36', 22),
(57, 22, 0, NULL, NULL, 'vnvn', NULL, 15, b'1', '2017-04-15 11:06:04', 22, '2017-04-15 11:06:04', 22),
(58, 22, 0, NULL, NULL, 'gfdgdf', NULL, 15, b'1', '2017-04-15 11:07:07', 22, '2017-04-15 11:07:07', 22),
(59, 22, 0, NULL, NULL, 'rage', NULL, 15, b'1', '2017-04-15 11:18:34', 22, '2017-04-15 11:18:34', 22),
(60, 22, 59, NULL, NULL, 'ccvxcbxc', NULL, 0, b'1', '2017-04-15 12:14:46', 22, '2017-04-15 12:14:46', 22),
(61, 22, 59, NULL, NULL, 'ccvxcbxc', NULL, 0, b'1', '2017-04-15 12:22:44', 22, '2017-04-15 12:22:44', 22),
(62, 22, 59, NULL, NULL, 'sfsdfsdfsdf', NULL, 0, b'1', '2017-04-15 12:25:59', 22, '2017-04-15 12:25:59', 22),
(63, 22, 59, NULL, NULL, 'gsdfsdf', NULL, 0, b'1', '2017-04-15 12:32:22', 22, '2017-04-15 12:32:22', 22),
(64, 22, 59, NULL, NULL, 'sdfsdfsdf', NULL, 0, b'1', '2017-04-15 12:32:57', 22, '2017-04-15 12:32:57', 22),
(65, 22, 59, NULL, NULL, 'rex', NULL, 0, b'1', '2017-04-15 12:34:09', 22, '2017-04-15 12:34:09', 22),
(66, 22, 59, NULL, NULL, 'power', NULL, 0, b'1', '2017-04-15 12:35:43', 22, '2017-04-15 12:35:43', 22),
(67, 22, 59, NULL, NULL, 'hmmm', NULL, 0, b'1', '2017-04-15 12:36:35', 22, '2017-04-15 12:36:35', 22),
(68, 22, 59, NULL, NULL, 'again', NULL, 0, b'1', '2017-04-15 12:37:15', 22, '2017-04-15 12:37:15', 22),
(69, 22, 0, NULL, NULL, 'wgwrtregr', NULL, 15, b'1', '2017-04-18 09:39:56', 22, '2017-04-18 09:39:56', 22),
(70, 22, 69, NULL, NULL, 'sdfsdfsdfsdf', NULL, 0, b'1', '2017-04-20 12:21:27', 22, '2017-04-20 12:21:27', 22),
(71, 22, 69, NULL, NULL, 'sdfsdfsdf', NULL, 0, b'1', '2017-04-20 12:23:26', 22, '2017-04-20 12:23:26', 22),
(72, 22, 69, NULL, NULL, 'svscvcv', NULL, 0, b'1', '2017-04-20 12:25:22', 22, '2017-04-20 12:25:22', 22),
(73, 22, 69, NULL, NULL, 'rajat', NULL, 0, b'1', '2017-04-20 12:27:05', 22, '2017-04-20 12:27:05', 22),
(74, 22, 13, NULL, NULL, 'sdfsdffsdf', NULL, 0, b'1', '2017-04-22 10:01:44', 22, '2017-04-22 10:01:44', 22),
(75, 22, 13, NULL, NULL, 'sdfsdfsdfsdf', NULL, 0, b'1', '2017-04-22 10:02:41', 22, '2017-04-22 10:02:41', 22),
(76, 22, 13, NULL, NULL, 'sdfsdfsdfsdf', NULL, 0, b'1', '2017-04-22 10:02:54', 22, '2017-04-22 10:02:54', 22),
(77, 22, 13, NULL, NULL, 'sfdsdf', NULL, 0, b'1', '2017-04-22 10:04:36', 22, '2017-04-22 10:04:36', 22),
(78, 22, 13, NULL, NULL, 'hello', NULL, 0, b'1', '2017-04-22 10:05:41', 22, '2017-04-22 10:05:41', 22),
(79, 22, 0, NULL, NULL, 'ddfsdfsdfsdfs', NULL, 13, b'1', '2017-04-22 10:15:30', 22, '2017-04-22 10:15:30', 22),
(80, 22, 0, NULL, NULL, 'hmmmm', NULL, 13, b'1', '2017-04-22 10:16:00', 22, '2017-04-22 10:16:00', 22),
(81, 22, 0, NULL, NULL, 'trying', NULL, 13, b'1', '2017-04-22 10:20:08', 22, '2017-04-22 10:20:08', 22),
(82, 22, 0, NULL, NULL, 'going', NULL, 13, b'1', '2017-04-22 10:20:48', 22, '2017-04-22 10:20:48', 22),
(83, 22, 0, NULL, NULL, 'heleo', NULL, 15, b'1', '2017-04-22 10:21:49', 22, '2017-04-22 10:21:49', 22),
(84, 22, -1, NULL, NULL, 'sddsdfdsdfds', NULL, 0, b'1', '2017-04-24 10:46:36', 22, '2017-04-24 10:46:36', 22),
(85, 22, 0, NULL, NULL, 'sddsdfdsdfds', NULL, 14, b'1', '2017-04-24 10:46:36', 22, '2017-04-24 10:46:36', 22),
(86, 22, -1, NULL, NULL, 'again', NULL, 0, b'1', '2017-04-24 10:46:51', 22, '2017-04-24 10:46:51', 22),
(87, 22, 0, NULL, NULL, 'again', NULL, 14, b'1', '2017-04-24 10:46:51', 22, '2017-04-24 10:46:51', 22),
(88, 22, 0, NULL, NULL, 'fa', NULL, 14, b'1', '2017-04-24 12:18:46', 22, '2017-04-24 12:18:46', 22),
(89, 22, -1, NULL, NULL, 'fa', NULL, 0, b'1', '2017-04-24 12:18:46', 22, '2017-04-24 12:18:46', 22),
(90, 22, 0, NULL, NULL, 'dsdafasdfsdfsadda', NULL, 0, b'1', '2017-04-26 10:49:29', 22, '2017-04-26 10:49:29', 22),
(91, 22, 0, NULL, NULL, 'test post mobile with attachment', NULL, 0, b'1', '2017-04-26 10:53:18', 22, '2017-04-26 10:53:18', 22),
(92, 22, 0, NULL, NULL, 'sdsadsd', NULL, 0, b'1', '2017-04-26 10:54:50', 22, '2017-04-26 10:54:50', 22),
(93, 22, 0, NULL, NULL, 'dgdgdfgdfg', NULL, 0, b'1', '2017-04-26 10:56:49', 22, '2017-04-26 10:56:49', 22),
(94, 22, 0, NULL, NULL, 'sdddfdfsdfdf', NULL, 0, b'1', '2017-04-26 10:58:09', 22, '2017-04-26 10:58:09', 22),
(95, 22, 0, NULL, NULL, 'fwefsdfsdfsdf', NULL, 0, b'1', '2017-04-26 10:59:10', 22, '2017-04-26 10:59:10', 22),
(96, 22, 0, NULL, NULL, 'dffgadfgfdgfdg', NULL, 0, b'1', '2017-04-26 10:59:35', 22, '2017-04-26 10:59:35', 22),
(97, 22, 0, NULL, NULL, 'dfsfsdfsdf', NULL, 0, b'1', '2017-04-26 11:18:48', 22, '2017-04-26 11:18:48', 22),
(98, 22, 0, NULL, NULL, 'ASSDsSas', NULL, 0, b'1', '2017-04-26 11:19:25', 22, '2017-04-26 11:19:25', 22),
(99, 22, 0, NULL, NULL, 'sdfdafdafafsadsadsad', NULL, 0, b'1', '2017-04-26 11:19:58', 22, '2017-04-26 11:19:58', 22),
(100, 22, 0, NULL, NULL, '', NULL, 0, b'1', '2017-04-26 11:19:59', 22, '2017-04-26 11:19:59', 22),
(101, 22, 0, NULL, NULL, 'safadsadsa', NULL, 0, b'1', '2017-04-26 11:20:48', 22, '2017-04-26 11:20:48', 22),
(102, 22, 0, NULL, NULL, 'ffssdfsdf', NULL, 0, b'1', '2017-04-26 11:21:52', 22, '2017-04-26 11:21:52', 22),
(103, 22, 0, NULL, NULL, 'sdfsdfsdfsdf', NULL, 0, b'1', '2017-04-26 11:22:36', 22, '2017-04-26 11:22:36', 22),
(104, 22, 0, NULL, NULL, 'sdfsdf', NULL, 0, b'1', '2017-04-26 11:23:18', 22, '2017-04-26 11:23:18', 22),
(105, 22, 0, NULL, NULL, 'zvczxcxz', NULL, 0, b'1', '2017-04-26 11:23:34', 22, '2017-04-26 11:23:34', 22),
(106, 22, 0, NULL, NULL, 'sadsa', NULL, 0, b'1', '2017-04-26 11:23:49', 22, '2017-04-26 11:23:49', 22),
(107, 22, 0, NULL, NULL, 'dssdsd', NULL, 0, b'1', '2017-04-26 11:24:43', 22, '2017-04-26 11:24:43', 22),
(108, 22, 0, NULL, NULL, 'fwffff', NULL, 0, b'1', '2017-04-26 11:25:16', 22, '2017-04-26 11:25:16', 22),
(109, 22, 0, NULL, NULL, '5623', NULL, 0, b'1', '2017-04-26 11:26:54', 22, '2017-04-26 11:26:54', 22),
(110, 22, 0, NULL, NULL, '', NULL, 0, b'1', '2017-04-26 11:27:27', 22, '2017-04-26 11:27:27', 22),
(111, 22, 0, NULL, NULL, 'helloo', NULL, 0, b'1', '2017-04-26 11:28:26', 22, '2017-04-26 11:28:26', 22),
(112, 22, 0, NULL, NULL, 'mega', NULL, 0, b'1', '2017-04-26 11:30:43', 22, '2017-04-26 11:30:43', 22),
(113, 22, 0, NULL, NULL, 'hmm', NULL, 0, b'1', '2017-04-26 11:35:40', 22, '2017-04-26 11:35:40', 22),
(114, 22, 0, NULL, NULL, 'fsdfsdf', NULL, 0, b'1', '2017-04-26 11:38:36', 22, '2017-04-26 11:38:36', 22),
(115, 22, 0, NULL, NULL, 'sfdsdf', NULL, 0, b'1', '2017-04-26 11:42:21', 22, '2017-04-26 11:42:21', 22),
(116, 22, 0, NULL, NULL, 'sfdsdf', NULL, 0, b'1', '2017-04-26 11:42:58', 22, '2017-04-26 11:42:58', 22),
(117, 22, 0, NULL, NULL, 'sdfsdf', NULL, 0, b'1', '2017-04-26 11:43:26', 22, '2017-04-26 11:43:26', 22),
(118, 22, 0, NULL, NULL, '', NULL, 0, b'1', '2017-04-26 12:03:40', 22, '2017-04-26 12:03:40', 22),
(119, 22, 0, NULL, NULL, '', NULL, 0, b'1', '2017-04-26 12:44:28', 22, '2017-04-26 12:44:28', 22),
(120, 22, 0, NULL, NULL, '', NULL, 0, b'1', '2017-04-26 12:47:00', 22, '2017-04-26 12:47:00', 22),
(121, 22, 0, NULL, NULL, '', NULL, 0, b'1', '2017-04-26 12:51:09', 22, '2017-04-26 12:51:09', 22),
(122, 22, 0, NULL, NULL, '', NULL, 0, b'1', '2017-04-26 12:55:41', 22, '2017-04-26 12:55:41', 22),
(123, 22, 0, NULL, NULL, '', NULL, 0, b'1', '2017-04-26 12:56:09', 22, '2017-04-26 12:56:09', 22),
(124, 22, 0, NULL, NULL, '', NULL, 0, b'1', '2017-04-26 12:56:27', 22, '2017-04-26 12:56:27', 22),
(125, 22, 0, NULL, NULL, '', NULL, 0, b'1', '2017-04-26 12:56:51', 22, '2017-04-26 12:56:51', 22),
(126, 22, 0, NULL, NULL, '', NULL, 0, b'1', '2017-04-26 12:57:45', 22, '2017-04-26 12:57:45', 22),
(127, 22, 0, NULL, NULL, '', NULL, 0, b'1', '2017-04-26 12:58:18', 22, '2017-04-26 12:58:18', 22),
(128, 22, 0, NULL, NULL, '', NULL, 0, b'1', '2017-04-26 13:01:02', 22, '2017-04-26 13:01:02', 22),
(129, 22, 0, NULL, NULL, '', NULL, 0, b'1', '2017-04-26 13:01:05', 22, '2017-04-26 13:01:05', 22),
(130, 22, 0, NULL, NULL, '', NULL, 0, b'1', '2017-04-26 13:01:16', 22, '2017-04-26 13:01:16', 22),
(131, 22, 0, NULL, NULL, '', NULL, 0, b'1', '2017-04-26 13:04:15', 22, '2017-04-26 13:04:15', 22),
(132, 22, 0, NULL, NULL, 'afdadasdassdsadsad', NULL, 0, b'1', '2017-04-26 13:06:30', 22, '2017-04-26 13:06:30', 22),
(133, 22, 0, NULL, NULL, 'asdasdsads', NULL, 0, b'1', '2017-04-26 13:14:06', 22, '2017-04-26 13:14:06', 22),
(134, 22, 0, NULL, NULL, '', NULL, 0, b'1', '2017-04-26 13:14:12', 22, '2017-04-26 13:14:12', 22),
(135, 22, 0, NULL, NULL, '', NULL, 0, b'1', '2017-04-26 13:15:40', 22, '2017-04-26 13:15:40', 22),
(136, 22, 0, NULL, NULL, '', NULL, 0, b'1', '2017-04-26 13:17:31', 22, '2017-04-26 13:17:31', 22),
(137, 22, 0, NULL, NULL, '', NULL, 0, b'1', '2017-04-26 13:17:59', 22, '2017-04-26 13:17:59', 22),
(138, 22, 0, NULL, NULL, 'adfasfsafsaf', NULL, 0, b'1', '2017-04-26 13:19:34', 22, '2017-04-26 13:19:34', 22),
(139, 22, 0, NULL, NULL, '', NULL, 0, b'1', '2017-04-26 13:20:38', 22, '2017-04-26 13:20:38', 22),
(140, 22, 0, NULL, NULL, '', NULL, 0, b'1', '2017-04-26 13:26:44', 22, '2017-04-26 13:26:44', 22),
(141, 24, 0, NULL, NULL, 'hello from test', NULL, 0, b'1', '2017-04-27 09:01:45', 24, '2017-04-27 09:01:45', 24),
(142, 22, 141, NULL, NULL, 'hello', NULL, 0, b'1', '2017-04-27 10:58:56', 22, '2017-04-27 10:58:56', 22),
(143, 24, -1, NULL, NULL, 'helllo', NULL, 0, b'1', '2017-04-27 14:38:09', 24, '2017-04-27 14:38:09', 24),
(144, 24, 0, NULL, NULL, 'helllo', NULL, 16, b'1', '2017-04-27 14:38:09', 24, '2017-04-27 14:38:09', 24),
(145, 24, -1, NULL, NULL, 'hello', NULL, 0, b'1', '2017-04-27 14:39:44', 24, '2017-04-27 14:39:44', 24),
(146, 24, 0, NULL, NULL, 'hello', NULL, 16, b'1', '2017-04-27 14:39:44', 24, '2017-04-27 14:39:44', 24),
(147, 24, 0, NULL, NULL, 'hello', NULL, 16, b'1', '2017-04-27 14:40:06', 24, '2017-04-27 14:40:06', 24),
(148, 24, -1, NULL, NULL, 'hello', NULL, 0, b'1', '2017-04-27 14:40:06', 24, '2017-04-27 14:40:06', 24),
(149, 24, -1, NULL, NULL, 'hmmm2', NULL, 0, b'1', '2017-04-27 14:43:34', 24, '2017-04-27 14:43:34', 24),
(150, 24, 0, NULL, NULL, 'hmmm2', NULL, 16, b'1', '2017-04-27 14:43:34', 24, '2017-04-27 14:43:34', 24),
(151, 24, -1, NULL, NULL, 'bbbb', NULL, 0, b'1', '2017-04-27 14:46:24', 24, '2017-04-27 14:46:24', 24),
(152, 24, 0, NULL, NULL, 'bbbb', NULL, 16, b'1', '2017-04-27 14:46:24', 24, '2017-04-27 14:46:24', 24),
(153, 24, -1, NULL, NULL, 'aaaaa', NULL, 0, b'1', '2017-04-27 14:47:49', 24, '2017-04-27 14:47:49', 24),
(154, 24, 0, NULL, NULL, 'aaaa', NULL, 16, b'1', '2017-04-27 14:54:44', 24, '2017-04-27 14:54:44', 24),
(155, 24, -1, NULL, NULL, 'aaaa', NULL, 0, b'1', '2017-04-27 14:54:45', 24, '2017-04-27 14:54:45', 24),
(156, 24, -1, NULL, NULL, 'zzzzzz', NULL, 0, b'1', '2017-04-27 14:55:14', 24, '2017-04-27 14:55:14', 24),
(157, 24, 0, NULL, NULL, 'zzzzzz', NULL, 16, b'1', '2017-04-27 14:55:14', 24, '2017-04-27 14:55:14', 24),
(158, 24, -1, NULL, NULL, 'qqqqq', NULL, 0, b'1', '2017-04-27 14:55:41', 24, '2017-04-27 14:55:41', 24),
(159, 24, 0, NULL, NULL, 'qqqqq', NULL, 16, b'1', '2017-04-27 14:55:41', 24, '2017-04-27 14:55:41', 24),
(160, 24, 0, NULL, NULL, 'wwww', NULL, 16, b'1', '2017-04-27 14:58:53', 24, '2017-04-27 14:58:53', 24),
(161, 24, 0, NULL, NULL, 'sfsdfsd', NULL, 16, b'1', '2017-04-27 15:00:35', 24, '2017-04-27 15:00:35', 24),
(162, 24, 0, NULL, NULL, 'asdfghjk', NULL, 16, b'1', '2017-04-27 15:12:18', 24, '2017-04-27 15:12:18', 24),
(163, 24, 0, NULL, NULL, 'sdfsdf', NULL, 16, b'1', '2017-04-27 15:14:57', 24, '2017-04-27 15:14:57', 24),
(164, 24, 0, NULL, NULL, 'sdfsdf', NULL, 16, b'1', '2017-04-27 15:15:23', 24, '2017-04-27 15:15:23', 24),
(165, 24, 0, NULL, NULL, 'sdfsdf', NULL, 16, b'1', '2017-04-27 15:16:26', 24, '2017-04-27 15:16:26', 24),
(166, 24, 0, NULL, NULL, 'ssdsdfsdfsdf', NULL, 16, b'1', '2017-04-27 15:17:32', 24, '2017-04-27 15:17:32', 24),
(167, 24, 0, NULL, NULL, 'sdfsdfs', NULL, 16, b'1', '2017-04-27 15:18:16', 24, '2017-04-27 15:18:16', 24),
(168, 22, 167, NULL, NULL, 'gsgdfgfdg', NULL, 0, b'1', '2017-05-04 07:46:28', 22, '2017-05-04 07:46:28', 22),
(169, 22, -1, NULL, NULL, 'hello', NULL, 0, b'1', '2017-05-09 09:37:20', 22, '2017-05-09 09:37:20', 22),
(170, 22, -1, NULL, NULL, 'hello', NULL, 0, b'1', '2017-05-09 09:38:38', 22, '2017-05-09 09:38:38', 22),
(171, 22, 167, NULL, NULL, 'hrlll', NULL, 0, b'1', '2017-05-09 09:45:58', 22, '2017-05-09 09:45:58', 22),
(172, 22, 167, NULL, NULL, 'trill', NULL, 0, b'1', '2017-05-09 09:49:52', 22, '2017-05-09 09:49:52', 22),
(173, 22, 167, NULL, NULL, 'hello', NULL, 0, b'1', '2017-05-09 09:50:47', 22, '2017-05-09 09:50:47', 22),
(174, 22, 167, NULL, NULL, 'hello1', NULL, 0, b'1', '2017-05-09 09:51:49', 22, '2017-05-09 09:51:49', 22),
(175, 22, 167, NULL, NULL, 'helloasdf', NULL, 0, b'1', '2017-05-09 09:54:43', 22, '2017-05-09 09:54:43', 22),
(176, 22, 167, NULL, NULL, 'sddfsdfsdfsdf', NULL, 0, b'1', '2017-05-09 09:55:16', 22, '2017-05-09 09:55:16', 22),
(177, 22, 167, NULL, NULL, 'fsfsdffsd', NULL, 0, b'1', '2017-05-09 09:56:46', 22, '2017-05-09 09:56:46', 22),
(178, 22, 167, NULL, NULL, 'fssdfsdfsdf', NULL, 0, b'1', '2017-05-09 09:58:21', 22, '2017-05-09 09:58:21', 22),
(179, 22, 167, NULL, NULL, 'fssdfsdfsdf', NULL, 0, b'1', '2017-05-09 09:58:23', 22, '2017-05-09 09:58:23', 22),
(180, 22, 167, NULL, NULL, 'fssdfsdfsdf', NULL, 0, b'1', '2017-05-09 09:58:23', 22, '2017-05-09 09:58:23', 22),
(181, 22, 167, NULL, NULL, 'fssdfsdfsdf', NULL, 0, b'1', '2017-05-09 09:58:23', 22, '2017-05-09 09:58:23', 22),
(182, 22, 167, NULL, NULL, 'fssdfsdfsdf', NULL, 0, b'1', '2017-05-09 09:58:24', 22, '2017-05-09 09:58:24', 22),
(183, 22, 167, NULL, NULL, 'fssdfsdfsdf', NULL, 0, b'1', '2017-05-09 09:58:24', 22, '2017-05-09 09:58:24', 22),
(184, 22, 167, NULL, NULL, 'hmmmmmmmmm', NULL, 0, b'1', '2017-05-09 09:59:03', 22, '2017-05-09 09:59:03', 22),
(185, 22, -1, NULL, NULL, 'hmm', NULL, 0, b'1', '2017-05-09 10:04:11', 22, '2017-05-09 10:04:11', 22),
(186, 22, -1, NULL, NULL, 'vvvvvvvvvvvvvvvvvvvvvvvvvvvvvvvvvvvvvvvvvvvvvvvvvvvvvvvvvvvvvvvvvvvvvvvvvvvvvvvvvvvvvvvvvvvvvvvvvvvvvvvvvvvvvvvvvvvvvvvvvvvvvvvvv', NULL, 0, b'1', '2017-05-09 10:09:35', 22, '2017-05-09 10:09:35', 22),
(187, 22, -1, NULL, NULL, 'dfsdfs', NULL, 0, b'1', '2017-05-09 10:10:31', 22, '2017-05-09 10:10:31', 22),
(188, 22, 167, NULL, NULL, 'helo', NULL, 0, b'1', '2017-05-09 10:29:46', 22, '2017-05-09 10:29:46', 22),
(189, 22, 167, NULL, NULL, 'muli', NULL, 0, b'1', '2017-05-09 10:30:35', 22, '2017-05-09 10:30:35', 22),
(190, 22, 0, NULL, NULL, 'hello', NULL, 12, b'1', '2017-05-09 10:35:48', 22, '2017-05-09 10:35:48', 22),
(191, 22, 190, NULL, NULL, 'zzzzz', NULL, 0, b'1', '2017-05-09 10:38:28', 22, '2017-05-09 10:38:28', 22),
(192, 22, 190, NULL, NULL, 'ggg', NULL, 0, b'1', '2017-05-09 10:41:02', 22, '2017-05-09 10:41:02', 22),
(193, 22, 190, NULL, NULL, 'dddddd', NULL, 0, b'1', '2017-05-09 10:52:07', 22, '2017-05-09 10:52:07', 22),
(194, 22, 190, NULL, NULL, 'asdfgh', NULL, 0, b'1', '2017-05-09 10:53:08', 22, '2017-05-09 10:53:08', 22),
(195, 22, 190, NULL, NULL, 'hmmm', NULL, 0, b'1', '2017-05-09 11:08:11', 22, '2017-05-09 11:08:11', 22),
(196, 22, 190, NULL, NULL, 'azxsdc', NULL, 0, b'1', '2017-05-09 11:10:34', 22, '2017-05-09 11:10:34', 22),
(197, 22, 190, NULL, NULL, 'adf', NULL, 0, b'1', '2017-05-09 11:11:15', 22, '2017-05-09 11:11:15', 22),
(198, 22, 190, NULL, NULL, 'fsdfsdfsdf', NULL, 0, b'1', '2017-05-09 11:13:01', 22, '2017-05-09 11:13:01', 22),
(199, 22, 190, NULL, NULL, 'fsdfsdfsdf', NULL, 0, b'1', '2017-05-09 11:13:02', 22, '2017-05-09 11:13:02', 22),
(200, 22, 190, NULL, NULL, 'qwerty', NULL, 0, b'1', '2017-05-09 11:15:16', 22, '2017-05-09 11:15:16', 22);

-- --------------------------------------------------------

--
-- Table structure for table `industry_communication`
--

CREATE TABLE `industry_communication` (
  `M_ID` int(11) NOT NULL,
  `M_Subject` varchar(150) NOT NULL,
  `M_From` int(11) NOT NULL,
  `M_To` int(11) NOT NULL,
  `M_Sent` datetime NOT NULL,
  `PM_Message` text NOT NULL,
  `M_mail` int(11) NOT NULL,
  `M_song_id` int(11) NOT NULL,
  `Song_Locked` int(11) NOT NULL,
  `isActive` bit(1) NOT NULL,
  `created_On` timestamp NOT NULL DEFAULT CURRENT_TIMESTAMP,
  `Created_By` int(11) NOT NULL,
  `Updated_On` timestamp NOT NULL DEFAULT CURRENT_TIMESTAMP,
  `Updated_By` int(11) NOT NULL
) ENGINE=InnoDB DEFAULT CHARSET=latin1;

-- --------------------------------------------------------

--
-- Table structure for table `m_reference`
--

CREATE TABLE `m_reference` (
  `reference_id` int(11) NOT NULL,
  `reference_code` varchar(20) NOT NULL,
  `reference` varchar(200) NOT NULL,
  `isActive` bit(1) NOT NULL,
  `created_On` timestamp NOT NULL DEFAULT CURRENT_TIMESTAMP,
  `Created_By` int(11) NOT NULL,
  `Updated_On` timestamp NOT NULL DEFAULT CURRENT_TIMESTAMP,
  `Updated_By` int(11) NOT NULL
) ENGINE=InnoDB DEFAULT CHARSET=latin1;

--
-- Dumping data for table `m_reference`
--

INSERT INTO `m_reference` (`reference_id`, `reference_code`, `reference`, `isActive`, `created_On`, `Created_By`, `Updated_On`, `Updated_By`) VALUES
(1, 'ur_atv', 'User Activation', b'1', '2017-01-31 13:19:04', 1, '2017-01-31 13:19:04', 1);

-- --------------------------------------------------------

--
-- Table structure for table `m_reference_detail`
--

CREATE TABLE `m_reference_detail` (
  `Reference_Detail_id` int(11) NOT NULL,
  `Reference_ID` int(11) NOT NULL,
  `Reference_detail_code` varchar(20) NOT NULL,
  `Reference_detail` varchar(200) NOT NULL,
  `isActive` bit(1) NOT NULL,
  `created_On` timestamp NOT NULL DEFAULT CURRENT_TIMESTAMP,
  `Created_By` int(11) NOT NULL,
  `Updated_On` timestamp NOT NULL DEFAULT CURRENT_TIMESTAMP,
  `Updated_By` int(11) NOT NULL
) ENGINE=InnoDB DEFAULT CHARSET=latin1;

--
-- Dumping data for table `m_reference_detail`
--

INSERT INTO `m_reference_detail` (`Reference_Detail_id`, `Reference_ID`, `Reference_detail_code`, `Reference_detail`, `isActive`, `created_On`, `Created_By`, `Updated_On`, `Updated_By`) VALUES
(1, 1, 'active', 'User Active', b'1', '2017-01-31 13:21:01', 1, '2017-01-31 13:21:01', 1),
(2, 1, 'deactive', 'User Deactive', b'1', '2017-01-31 13:21:01', 1, '2017-01-31 13:21:01', 1);

-- --------------------------------------------------------

--
-- Table structure for table `social_response`
--

CREATE TABLE `social_response` (
  `id` int(11) NOT NULL,
  `response_type` tinyint(4) NOT NULL COMMENT '0->neutral;1->like;2->dislike',
  `response_on` int(11) NOT NULL,
  `post_type` tinyint(10) NOT NULL COMMENT '1->song, 2->post, 3->comment',
  `created_by` int(11) NOT NULL,
  `created_on` timestamp NOT NULL DEFAULT CURRENT_TIMESTAMP,
  `updated_by` int(11) NOT NULL,
  `updated_on` timestamp NOT NULL DEFAULT CURRENT_TIMESTAMP
) ENGINE=MyISAM DEFAULT CHARSET=latin1;

--
-- Dumping data for table `social_response`
--

INSERT INTO `social_response` (`id`, `response_type`, `response_on`, `post_type`, `created_by`, `created_on`, `updated_by`, `updated_on`) VALUES
(61, 0, 87, 2, 22, '2017-04-24 06:36:21', 22, '2017-04-24 06:36:22'),
(60, 0, 14, 1, 22, '2017-04-24 05:16:28', 22, '2017-04-24 05:16:31'),
(59, 1, 83, 2, 22, '2017-04-24 03:22:17', 22, '2017-04-24 05:11:36'),
(58, 2, 82, 3, 22, '2017-04-22 04:50:52', 22, '2017-05-05 04:28:00'),
(57, 0, 80, 3, 22, '2017-04-22 04:46:33', 22, '2017-04-22 04:46:35'),
(56, 2, 13, 1, 22, '2017-04-22 03:57:33', 22, '2017-04-27 04:07:13'),
(55, 1, 12, 1, 22, '2017-04-22 03:28:57', 22, '2017-04-27 04:07:05'),
(54, 1, 30, 3, 22, '2017-04-22 03:27:47', 22, '2017-05-05 04:28:16'),
(53, 2, 57, 3, 22, '2017-04-21 05:19:15', 22, '2017-04-21 05:25:18'),
(52, 1, 58, 3, 22, '2017-04-21 05:13:44', 22, '2017-04-21 05:58:30'),
(51, 2, 73, 3, 22, '2017-04-20 06:57:09', 22, '2017-04-20 06:57:11'),
(50, 2, 68, 3, 22, '2017-04-20 05:41:17', 22, '2017-04-20 05:41:32'),
(49, 1, 59, 2, 22, '2017-04-20 04:44:16', 22, '2017-04-21 05:19:46'),
(48, 1, 27, 3, 22, '2017-04-20 02:34:28', 22, '2017-05-04 02:16:04'),
(47, 1, 69, 2, 22, '2017-04-20 02:32:50', 22, '2017-05-12 23:40:43'),
(46, 1, 69, 3, 22, '2017-04-18 04:09:59', 22, '2017-05-12 23:40:43'),
(45, 0, 15, 1, 22, '2017-04-18 04:09:50', 22, '2017-05-05 04:27:43'),
(44, 2, 63, 3, 22, '2017-04-15 07:03:23', 22, '2017-04-15 07:03:23'),
(43, 2, 10, 1, 22, '2017-04-15 06:08:30', 22, '2017-04-15 06:08:30'),
(42, 1, 59, 3, 22, '2017-04-15 05:48:37', 22, '2017-04-21 05:19:46'),
(41, 2, 53, 2, 1, '2017-04-15 04:09:14', 1, '2017-04-15 04:09:14'),
(40, 1, 54, 3, 1, '2017-04-15 04:09:12', 1, '2017-04-15 04:09:12'),
(39, 2, 54, 3, 22, '2017-04-15 04:08:58', 22, '2017-04-15 04:08:58'),
(38, 1, 55, 3, 22, '2017-04-15 04:08:55', 22, '2017-04-15 05:35:31'),
(37, 2, 16, 1, 1, '2017-04-15 04:07:03', 1, '2017-04-15 04:07:03'),
(36, 1, 16, 1, 22, '2017-04-15 04:06:08', 22, '2017-04-15 04:06:10'),
(62, 0, 112, 2, 22, '2017-04-26 06:01:12', 22, '2017-04-26 06:01:16'),
(63, 2, 127, 2, 24, '2017-04-27 03:32:02', 24, '2017-04-27 03:32:02'),
(64, 2, 127, 2, 24, '2017-04-27 03:32:04', 24, '2017-04-27 03:32:04'),
(65, 2, 127, 2, 24, '2017-04-27 03:32:07', 24, '2017-04-27 03:32:07'),
(66, 1, 127, 2, 24, '2017-04-27 03:32:08', 24, '2017-04-27 03:32:08'),
(67, 2, 127, 2, 24, '2017-04-27 03:32:09', 24, '2017-04-27 03:32:09'),
(68, 1, 127, 2, 24, '2017-04-27 03:32:11', 24, '2017-04-27 03:32:11'),
(69, 2, 127, 2, 24, '2017-04-27 03:32:13', 24, '2017-04-27 03:32:13'),
(70, 2, 127, 2, 24, '2017-04-27 03:33:09', 24, '2017-04-27 03:33:09'),
(71, 1, 127, 2, 24, '2017-04-27 03:33:15', 24, '2017-04-27 03:33:15'),
(72, 2, 127, 2, 24, '2017-04-27 03:55:17', 24, '2017-04-27 03:55:17'),
(73, 2, 127, 2, 24, '2017-04-27 03:55:31', 24, '2017-04-27 03:55:31'),
(74, 2, 127, 2, 24, '2017-04-27 03:55:33', 24, '2017-04-27 03:55:33'),
(75, 2, 127, 2, 24, '2017-04-27 03:55:39', 24, '2017-04-27 03:55:39'),
(76, 2, 127, 2, 24, '2017-04-27 03:55:46', 24, '2017-04-27 03:55:46'),
(77, 2, 127, 2, 24, '2017-04-27 03:55:50', 24, '2017-04-27 03:55:50'),
(78, 2, 127, 2, 24, '2017-04-27 03:55:53', 24, '2017-04-27 03:55:53'),
(79, 2, 127, 2, 24, '2017-04-27 03:55:58', 24, '2017-04-27 03:55:58'),
(80, 1, 127, 2, 24, '2017-04-27 03:57:29', 24, '2017-04-27 03:57:29'),
(81, 1, 127, 2, 22, '2017-04-27 03:58:01', 22, '2017-04-27 03:58:01'),
(82, 2, 127, 2, 22, '2017-04-27 03:58:03', 22, '2017-04-27 03:58:03'),
(83, 1, 127, 2, 22, '2017-04-27 03:58:04', 22, '2017-04-27 03:58:04'),
(84, 1, 127, 2, 22, '2017-04-27 03:58:06', 22, '2017-04-27 03:58:06'),
(85, 2, 127, 2, 22, '2017-04-27 03:58:07', 22, '2017-04-27 03:58:07'),
(86, 2, 127, 2, 22, '2017-04-27 03:58:17', 22, '2017-04-27 03:58:17'),
(87, 1, 127, 2, 22, '2017-04-27 03:59:39', 22, '2017-04-27 03:59:39'),
(88, 2, 127, 2, 22, '2017-04-27 04:02:07', 22, '2017-04-27 04:02:07'),
(89, 2, 127, 2, 22, '2017-04-27 04:02:11', 22, '2017-04-27 04:02:11'),
(90, 1, 127, 2, 22, '2017-04-27 04:03:38', 22, '2017-04-27 04:03:38'),
(91, 1, 127, 2, 22, '2017-04-27 04:07:35', 22, '2017-04-27 04:07:35'),
(92, 1, 127, 2, 22, '2017-04-27 04:09:16', 22, '2017-04-27 04:09:16'),
(93, 1, 127, 2, 22, '2017-04-27 04:09:23', 22, '2017-04-27 04:09:23'),
(94, 1, 127, 2, 22, '2017-04-27 04:10:21', 22, '2017-04-27 04:10:21'),
(95, 1, 127, 2, 22, '2017-04-27 04:11:27', 22, '2017-04-27 04:11:27'),
(96, 1, 127, 2, 22, '2017-04-27 04:12:06', 22, '2017-04-27 04:12:06'),
(97, 1, 127, 2, 22, '2017-04-27 04:13:15', 22, '2017-04-27 04:13:15'),
(98, 1, 127, 2, 22, '2017-04-27 04:14:17', 22, '2017-04-27 04:14:17'),
(99, 1, 127, 2, 22, '2017-04-27 05:09:34', 22, '2017-04-27 05:09:34'),
(100, 1, 127, 2, 22, '2017-04-27 05:15:29', 22, '2017-04-27 05:15:29'),
(101, 1, 127, 2, 22, '2017-04-27 05:17:49', 22, '2017-04-27 05:17:49'),
(102, 1, 127, 2, 22, '2017-04-27 05:20:56', 22, '2017-04-27 05:20:56'),
(103, 2, 141, 2, 22, '2017-04-27 05:24:23', 22, '2017-04-27 05:25:45'),
(104, 1, 142, 3, 22, '2017-04-27 05:29:10', 22, '2017-04-27 05:29:12'),
(105, 2, 142, 3, 1, '2017-04-27 05:56:10', 1, '2017-04-27 05:56:10'),
(106, 0, 16, 1, 24, '2017-04-26 21:49:12', 24, '2017-04-26 21:49:15'),
(107, 0, 167, 2, 22, '2017-04-28 02:15:19', 22, '2017-04-28 02:15:20'),
(108, 2, 157, 2, 22, '2017-05-04 02:16:12', 22, '2017-05-04 02:16:13'),
(109, 2, 168, 3, 22, '2017-05-04 02:16:30', 22, '2017-05-04 02:16:32'),
(110, 0, 29, 3, 22, '2017-05-05 04:26:59', 22, '2017-05-05 04:27:01'),
(111, 0, 15, 3, 22, '2017-05-05 04:27:11', 22, '2017-05-05 04:27:43'),
(112, 0, 166, 2, 22, '2017-05-08 02:01:45', 22, '2017-05-08 02:01:48'),
(113, 2, 194, 3, 22, '2017-05-09 05:23:11', 22, '2017-05-09 05:23:14');

-- --------------------------------------------------------

--
-- Table structure for table `songs`
--

CREATE TABLE `songs` (
  `ID` int(11) NOT NULL,
  `CAT_ID` int(11) NOT NULL,
  `Song_Title` text NOT NULL,
  `composer` varchar(100) DEFAULT NULL,
  `director` varchar(100) DEFAULT NULL,
  `Writers` varchar(100) DEFAULT NULL,
  `synopsis` text,
  `Date` date DEFAULT NULL,
  `LINK_APPROVED` int(11) DEFAULT NULL,
  `HITS` int(11) DEFAULT NULL,
  `RATING` int(11) DEFAULT NULL,
  `NO_RATES` int(11) DEFAULT NULL,
  `TOTAL_COMMENTS` int(11) DEFAULT NULL,
  `HIT_DATE` datetime DEFAULT NULL,
  `Image` varchar(200) DEFAULT NULL,
  `Song_status` int(11) DEFAULT '0' COMMENT '0->in Review, 1->public',
  `Song_File_Name` varchar(100) DEFAULT NULL,
  `isActive` bit(1) NOT NULL,
  `created_On` timestamp NOT NULL DEFAULT CURRENT_TIMESTAMP ON UPDATE CURRENT_TIMESTAMP,
  `Created_By` int(11) NOT NULL,
  `Updated_On` timestamp NOT NULL DEFAULT '0000-00-00 00:00:00',
  `Updated_By` int(11) NOT NULL
) ENGINE=InnoDB DEFAULT CHARSET=latin1;

--
-- Dumping data for table `songs`
--

INSERT INTO `songs` (`ID`, `CAT_ID`, `Song_Title`, `composer`, `director`, `Writers`, `synopsis`, `Date`, `LINK_APPROVED`, `HITS`, `RATING`, `NO_RATES`, `TOTAL_COMMENTS`, `HIT_DATE`, `Image`, `Song_status`, `Song_File_Name`, `isActive`, `created_On`, `Created_By`, `Updated_On`, `Updated_By`) VALUES
(10, 1, 'Ibadat', 'Alan Manjrekar', '', '', '', '2017-03-05', NULL, 6, NULL, NULL, NULL, NULL, 'Shikhar.jpg', 1, '2017201702020202133622000000SampleVideo_1280x720_1mb.mp4', b'1', '2017-04-15 11:38:35', 1, '0000-00-00 00:00:00', 1),
(11, 1, 'test 3', 'test c1', 'test d', 'test w', 'Test', '0000-00-00', NULL, 12, NULL, NULL, NULL, NULL, 'sample-image.jpg', 1, '2017201702020202133837000000SampleVideo_1280x720_1mb.mp4', b'1', '2017-05-08 09:32:58', 1, '0000-00-00 00:00:00', 1),
(12, 1, 'test 4', 'test c1', 'test d', 'test w', 'Test', '0000-00-00', NULL, 101, NULL, NULL, NULL, NULL, 'sample-image.jpg', 1, '2017201702020202133850000000SampleVideo_1280x720_1mb.mp4', b'1', '2017-05-13 13:10:28', 1, '0000-00-00 00:00:00', 1),
(13, 1, 'test 5', 'test c1', 'test d', 'test w', 'Test', '0000-00-00', NULL, 144, NULL, NULL, NULL, NULL, 'sample-image.jpg', 1, '2017201702020202133854000000SampleVideo_1280x720_1mb.mp4', b'1', '2017-05-13 07:05:25', 1, '0000-00-00 00:00:00', 1),
(14, 1, 'test 6', 'test c1', 'test d', 'test w', 'Test', '0000-00-00', NULL, 80, NULL, NULL, NULL, NULL, 'sample-image.jpg', 1, '2017201702020202133857000000SampleVideo_1280x720_1mb.mp4', b'1', '2017-05-13 13:10:30', 1, '0000-00-00 00:00:00', 1),
(15, 1, 'test 7', 'test c1', 'test d', 'test w', 'Test', '0000-00-00', NULL, 119, NULL, NULL, NULL, NULL, 'sample-image.jpg', 1, '2017201702020202133901000000SampleVideo_1280x720_1mb.mp4', b'1', '2017-05-13 13:10:26', 1, '0000-00-00 00:00:00', 1),
(16, 1, 'test 8', 'test c1', 'test d', 'test w', 'Test', '0000-00-00', NULL, 90, NULL, NULL, NULL, NULL, 'sample-image.jpg', 1, '2017201702020202133904000000SampleVideo_1280x720_1mb.mp4', b'1', '2017-05-13 13:10:32', 1, '0000-00-00 00:00:00', 1);

-- --------------------------------------------------------

--
-- Table structure for table `song_cat`
--

CREATE TABLE `song_cat` (
  `CAT_ID` int(11) NOT NULL,
  `CAT_TYPE` varchar(140) NOT NULL,
  `GROUPCAT` int(11) NOT NULL,
  `isActive` bit(1) NOT NULL,
  `created_On` timestamp NOT NULL DEFAULT CURRENT_TIMESTAMP,
  `Created_By` int(11) NOT NULL,
  `Updated_On` timestamp NOT NULL DEFAULT CURRENT_TIMESTAMP,
  `Updated_By` int(11) NOT NULL
) ENGINE=InnoDB DEFAULT CHARSET=latin1;

--
-- Dumping data for table `song_cat`
--

INSERT INTO `song_cat` (`CAT_ID`, `CAT_TYPE`, `GROUPCAT`, `isActive`, `created_On`, `Created_By`, `Updated_On`, `Updated_By`) VALUES
(1, 'Male', 1, b'1', '2017-01-30 10:03:53', 1, '2017-01-30 10:03:53', 1),
(2, 'Female', 1, b'1', '2017-01-30 10:03:53', 1, '2017-01-30 10:03:53', 1),
(3, 'Both', 2, b'1', '2017-01-30 10:04:21', 1, '2017-01-30 10:04:21', 1);

-- --------------------------------------------------------

--
-- Table structure for table `usermain`
--

CREATE TABLE `usermain` (
  `UID` int(11) NOT NULL,
  `UserName` varchar(50) NOT NULL,
  `Password` varchar(50) NOT NULL,
  `FirstName` varchar(100) NOT NULL,
  `LastName` varchar(50) DEFAULT NULL,
  `ContactMe` varchar(100) NOT NULL,
  `City` varchar(50) DEFAULT NULL,
  `State` varchar(50) DEFAULT NULL,
  `Country` varchar(50) DEFAULT NULL,
  `Email` varchar(120) NOT NULL,
  `DOB` date DEFAULT NULL,
  `AboutMe` text,
  `DateJoined` date DEFAULT NULL,
  `Photo` varchar(200) DEFAULT NULL,
  `Website` varchar(100) DEFAULT NULL,
  `Hits` int(11) DEFAULT NULL,
  `LastVisit` datetime DEFAULT NULL,
  `LastUpdated` datetime DEFAULT NULL,
  `PMEmailNotification` int(11) DEFAULT NULL,
  `Activation` int(11) DEFAULT NULL,
  `ShowFriendsListinProfile` int(11) DEFAULT NULL,
  `ShowsingerProfile` int(11) DEFAULT NULL,
  `NumRecordsSongsQuickView` int(11) DEFAULT NULL,
  `NumRecordsFriendsList` int(11) DEFAULT NULL,
  `IsFirsTimeLogin` int(11) DEFAULT NULL,
  `UserType` int(11) DEFAULT NULL,
  `isActive` bit(1) NOT NULL,
  `created_On` timestamp NOT NULL DEFAULT CURRENT_TIMESTAMP,
  `Created_By` int(11) NOT NULL,
  `Updated_On` timestamp NOT NULL DEFAULT CURRENT_TIMESTAMP,
  `Updated_By` int(11) NOT NULL
) ENGINE=InnoDB DEFAULT CHARSET=latin1;

--
-- Dumping data for table `usermain`
--

INSERT INTO `usermain` (`UID`, `UserName`, `Password`, `FirstName`, `LastName`, `ContactMe`, `City`, `State`, `Country`, `Email`, `DOB`, `AboutMe`, `DateJoined`, `Photo`, `Website`, `Hits`, `LastVisit`, `LastUpdated`, `PMEmailNotification`, `Activation`, `ShowFriendsListinProfile`, `ShowsingerProfile`, `NumRecordsSongsQuickView`, `NumRecordsFriendsList`, `IsFirsTimeLogin`, `UserType`, `isActive`, `created_On`, `Created_By`, `Updated_On`, `Updated_By`) VALUES
(1, 'admin', '7c39e97815e778d2d7c3ce2f56c6fd12', 'Gaurav', 'Rao', '7388458272', 'Mumbai', 'Maharastra', 'India', 'gr19490@gmail.com', '1990-04-19', 'About Me Content', '0000-00-00', 'Varun Dhawan.JPG', 'gaurav.com', 0, '0000-00-00 00:00:00', '0000-00-00 00:00:00', 0, 0, 0, 0, 0, 0, 0, 0, b'1', '2017-01-30 08:50:00', 1, '2017-01-30 08:50:00', 1),
(7, 'RohitShethy', 'e10adc3949ba59abbe56e057f20f883e', 'Rohit', 'Shethy', '', '', '', '', 'rs@iml.com', '0000-00-00', '', '0000-00-00', '', '', NULL, NULL, NULL, NULL, NULL, NULL, NULL, NULL, NULL, NULL, 5, b'1', '2017-02-11 13:48:57', 1, '2017-02-11 13:48:57', 1),
(8, 'shikharkumar', '7c39e97815e778d2d7c3ce2f56c6fd12', 'Shikhar', 'Kumar', '', '', '', '', 'shikhar@indianmusiclab.com', '0000-00-00', '', '0000-00-00', '', '', NULL, NULL, NULL, NULL, NULL, NULL, NULL, NULL, NULL, NULL, 3, b'1', '2017-02-20 14:42:42', 1, '2017-02-20 14:42:42', 1),
(9, 'hansa', '7c39e97815e778d2d7c3ce2f56c6fd12', 'Hanshaduti', 'Kundu', '', '', '', '', 'hanshaduti@indianmusiclab.com', '0000-00-00', '', '0000-00-00', '', '', NULL, NULL, NULL, NULL, NULL, NULL, NULL, NULL, NULL, NULL, 3, b'1', '2017-03-07 04:07:43', 1, '2017-03-07 04:07:43', 1),
(10, 'anurag', '7c39e97815e778d2d7c3ce2f56c6fd12', 'Anurag', 'Puranik', '', '', '', '', 'anurag@indianmusiclab.com', '0000-00-00', '', '0000-00-00', '', '', NULL, NULL, NULL, NULL, NULL, NULL, NULL, NULL, NULL, NULL, 3, b'1', '2017-03-07 04:09:29', 1, '2017-03-07 04:09:29', 1),
(11, 'ashwani', '7c39e97815e778d2d7c3ce2f56c6fd12', 'Ashwani', 'Bisoya', '', '', '', '', 'ashwani@indianmusiclab.com', '0000-00-00', '', '0000-00-00', '', '', NULL, NULL, NULL, NULL, NULL, NULL, NULL, NULL, NULL, NULL, 3, b'1', '2017-03-07 04:11:24', 1, '2017-03-07 04:11:24', 1),
(12, 'sachin', '7c39e97815e778d2d7c3ce2f56c6fd12', 'Sachin', 'Dave', '', '', '', '', 'sachin@indiantimesdaily.com', '0000-00-00', 'About Me Content', '0000-00-00', '', '', NULL, NULL, NULL, NULL, NULL, NULL, NULL, NULL, NULL, NULL, 3, b'1', '2017-03-07 04:12:50', 1, '2017-03-07 04:12:50', 1),
(22, 'rajkumar', '96e79218965eb72c92a549dd5a330112', 'Raj', 'Kumar', '', 'Mumbai', 'Maharastra', 'India', 'rkgt76@gmail.com', '2010-04-20', '', '2017-05-04', '20170510091555000000Punjab_farmers_defy_NGT_ban__burn_crop_residue_1116264515.JPG', '', NULL, NULL, NULL, NULL, NULL, NULL, NULL, NULL, NULL, NULL, 4, b'1', '2017-04-08 11:21:51', 1, '2017-04-08 11:21:51', 22),
(23, 'test1234', '7c39e97815e778d2d7c3ce2f56c6fd12', 'test', '1234', '', '', '', '', 'test1234@gmil.com', '0000-00-00', '', '2017-04-19', '', '', NULL, NULL, NULL, NULL, NULL, NULL, NULL, NULL, NULL, NULL, 4, b'1', '2017-04-19 12:58:03', 0, '2017-04-19 12:58:03', 0),
(24, 'test 45', '96e79218965eb72c92a549dd5a330112', 'Test', 'Dev', '', '', '', '', 'testdev@gmail.com', '0000-00-00', '', '2017-04-27', '', '', NULL, NULL, NULL, NULL, NULL, NULL, NULL, NULL, NULL, NULL, 4, b'1', '2017-04-27 08:59:55', 0, '2017-04-27 08:59:55', 0);

-- --------------------------------------------------------

--
-- Table structure for table `usersuspensionlog`
--

CREATE TABLE `usersuspensionlog` (
  `ID` int(11) NOT NULL,
  `UID` int(11) NOT NULL,
  `Type` varchar(50) NOT NULL,
  `Note` text NOT NULL,
  `Date` datetime NOT NULL,
  `isActive` bit(1) NOT NULL,
  `created_On` timestamp NOT NULL DEFAULT CURRENT_TIMESTAMP,
  `Created_By` int(11) NOT NULL,
  `Updated_On` timestamp NOT NULL DEFAULT CURRENT_TIMESTAMP,
  `Updated_By` int(11) NOT NULL
) ENGINE=InnoDB DEFAULT CHARSET=latin1;

-- --------------------------------------------------------

--
-- Table structure for table `user_song`
--

CREATE TABLE `user_song` (
  `ID` int(11) NOT NULL,
  `UID` int(11) NOT NULL,
  `SongsID` int(11) NOT NULL,
  `Hits` int(11) DEFAULT NULL,
  `Date` datetime DEFAULT NULL,
  `Song_Locked` int(11) DEFAULT NULL,
  `Locked_communication_id` int(11) DEFAULT NULL,
  `isActive` bit(1) NOT NULL,
  `created_On` timestamp NOT NULL DEFAULT CURRENT_TIMESTAMP,
  `Created_By` int(11) NOT NULL,
  `Updated_On` timestamp NOT NULL DEFAULT CURRENT_TIMESTAMP,
  `Updated_By` int(11) NOT NULL
) ENGINE=InnoDB DEFAULT CHARSET=latin1;

--
-- Dumping data for table `user_song`
--

INSERT INTO `user_song` (`ID`, `UID`, `SongsID`, `Hits`, `Date`, `Song_Locked`, `Locked_communication_id`, `isActive`, `created_On`, `Created_By`, `Updated_On`, `Updated_By`) VALUES
(1, 8, 10, NULL, NULL, NULL, NULL, b'1', '2017-02-02 12:36:22', 1, '2017-02-02 12:36:22', 1),
(2, 9, 11, NULL, NULL, NULL, NULL, b'1', '2017-02-02 12:38:37', 1, '2017-02-02 12:38:37', 1),
(3, 10, 12, NULL, NULL, NULL, NULL, b'1', '2017-02-02 12:38:50', 1, '2017-02-02 12:38:50', 1),
(4, 11, 13, NULL, NULL, NULL, NULL, b'1', '2017-02-02 12:38:54', 1, '2017-02-02 12:38:54', 1),
(5, 12, 14, NULL, NULL, NULL, NULL, b'1', '2017-02-02 12:38:58', 1, '2017-02-02 12:38:58', 1),
(6, 8, 15, NULL, NULL, NULL, NULL, b'1', '2017-02-02 12:39:01', 1, '2017-02-02 12:39:01', 1),
(7, 9, 16, NULL, NULL, NULL, NULL, b'1', '2017-02-02 12:39:04', 1, '2017-02-02 12:39:04', 1);

-- --------------------------------------------------------

--
-- Table structure for table `user_type`
--

CREATE TABLE `user_type` (
  `ID` int(11) NOT NULL,
  `User_Type` varchar(20) NOT NULL,
  `isActive` bit(1) NOT NULL,
  `created_On` timestamp NOT NULL DEFAULT CURRENT_TIMESTAMP,
  `Created_By` int(11) NOT NULL,
  `Updated_On` timestamp NOT NULL DEFAULT CURRENT_TIMESTAMP,
  `Updated_By` int(11) NOT NULL
) ENGINE=InnoDB DEFAULT CHARSET=latin1;

--
-- Dumping data for table `user_type`
--

INSERT INTO `user_type` (`ID`, `User_Type`, `isActive`, `created_On`, `Created_By`, `Updated_On`, `Updated_By`) VALUES
(1, 'admin', b'1', '2017-01-30 08:46:15', 1, '2017-01-30 08:46:15', 1),
(2, 'moderator', b'1', '2017-01-30 08:46:15', 1, '2017-01-30 08:46:15', 1),
(3, 'artist', b'1', '2017-01-30 12:11:54', 1, '2017-01-30 12:11:54', 1),
(4, 'public', b'1', '2017-01-30 12:11:54', 1, '2017-01-30 12:11:54', 1),
(5, 'industry', b'1', '2017-01-30 12:12:27', 1, '2017-01-30 12:12:27', 1);

-- --------------------------------------------------------

--
-- Table structure for table `whoisonline`
--

CREATE TABLE `whoisonline` (
  `UserName` varchar(200) NOT NULL,
  `UserIP` varchar(200) NOT NULL,
  `DateCreated` datetime NOT NULL,
  `LastDateChecked` datetime NOT NULL,
  `CheckedIn` datetime NOT NULL,
  `LastChecked` datetime NOT NULL,
  `PageBrowse` text NOT NULL,
  `isActive` bit(1) NOT NULL,
  `created_On` timestamp NOT NULL DEFAULT CURRENT_TIMESTAMP ON UPDATE CURRENT_TIMESTAMP,
  `Created_By` int(11) NOT NULL,
  `Updated_On` timestamp NOT NULL DEFAULT CURRENT_TIMESTAMP,
  `Updated_By` int(11) NOT NULL
) ENGINE=InnoDB DEFAULT CHARSET=latin1;

--
-- Indexes for dumped tables
--

--
-- Indexes for table `comment_attachments`
--
ALTER TABLE `comment_attachments`
  ADD PRIMARY KEY (`att_id`);

--
-- Indexes for table `group_categories`
--
ALTER TABLE `group_categories`
  ADD PRIMARY KEY (`CAT_ID`);

--
-- Indexes for table `iml_comment_song`
--
ALTER TABLE `iml_comment_song`
  ADD PRIMARY KEY (`COM_ID`);

--
-- Indexes for table `industry_communication`
--
ALTER TABLE `industry_communication`
  ADD PRIMARY KEY (`M_ID`);

--
-- Indexes for table `m_reference`
--
ALTER TABLE `m_reference`
  ADD PRIMARY KEY (`reference_id`);

--
-- Indexes for table `m_reference_detail`
--
ALTER TABLE `m_reference_detail`
  ADD PRIMARY KEY (`Reference_Detail_id`);

--
-- Indexes for table `social_response`
--
ALTER TABLE `social_response`
  ADD PRIMARY KEY (`id`);

--
-- Indexes for table `songs`
--
ALTER TABLE `songs`
  ADD PRIMARY KEY (`ID`);

--
-- Indexes for table `song_cat`
--
ALTER TABLE `song_cat`
  ADD PRIMARY KEY (`CAT_ID`);

--
-- Indexes for table `usermain`
--
ALTER TABLE `usermain`
  ADD PRIMARY KEY (`UID`);

--
-- Indexes for table `usersuspensionlog`
--
ALTER TABLE `usersuspensionlog`
  ADD PRIMARY KEY (`ID`);

--
-- Indexes for table `user_song`
--
ALTER TABLE `user_song`
  ADD PRIMARY KEY (`ID`);

--
-- Indexes for table `user_type`
--
ALTER TABLE `user_type`
  ADD PRIMARY KEY (`ID`);

--
-- AUTO_INCREMENT for dumped tables
--

--
-- AUTO_INCREMENT for table `comment_attachments`
--
ALTER TABLE `comment_attachments`
  MODIFY `att_id` int(11) NOT NULL AUTO_INCREMENT, AUTO_INCREMENT=28;
--
-- AUTO_INCREMENT for table `group_categories`
--
ALTER TABLE `group_categories`
  MODIFY `CAT_ID` int(11) NOT NULL AUTO_INCREMENT, AUTO_INCREMENT=3;
--
-- AUTO_INCREMENT for table `iml_comment_song`
--
ALTER TABLE `iml_comment_song`
  MODIFY `COM_ID` int(11) NOT NULL AUTO_INCREMENT, AUTO_INCREMENT=201;
--
-- AUTO_INCREMENT for table `industry_communication`
--
ALTER TABLE `industry_communication`
  MODIFY `M_ID` int(11) NOT NULL AUTO_INCREMENT;
--
-- AUTO_INCREMENT for table `m_reference`
--
ALTER TABLE `m_reference`
  MODIFY `reference_id` int(11) NOT NULL AUTO_INCREMENT, AUTO_INCREMENT=2;
--
-- AUTO_INCREMENT for table `m_reference_detail`
--
ALTER TABLE `m_reference_detail`
  MODIFY `Reference_Detail_id` int(11) NOT NULL AUTO_INCREMENT, AUTO_INCREMENT=3;
--
-- AUTO_INCREMENT for table `social_response`
--
ALTER TABLE `social_response`
  MODIFY `id` int(11) NOT NULL AUTO_INCREMENT, AUTO_INCREMENT=114;
--
-- AUTO_INCREMENT for table `songs`
--
ALTER TABLE `songs`
  MODIFY `ID` int(11) NOT NULL AUTO_INCREMENT, AUTO_INCREMENT=17;
--
-- AUTO_INCREMENT for table `song_cat`
--
ALTER TABLE `song_cat`
  MODIFY `CAT_ID` int(11) NOT NULL AUTO_INCREMENT, AUTO_INCREMENT=4;
--
-- AUTO_INCREMENT for table `usermain`
--
ALTER TABLE `usermain`
  MODIFY `UID` int(11) NOT NULL AUTO_INCREMENT, AUTO_INCREMENT=25;
--
-- AUTO_INCREMENT for table `usersuspensionlog`
--
ALTER TABLE `usersuspensionlog`
  MODIFY `ID` int(11) NOT NULL AUTO_INCREMENT;
--
-- AUTO_INCREMENT for table `user_song`
--
ALTER TABLE `user_song`
  MODIFY `ID` int(11) NOT NULL AUTO_INCREMENT, AUTO_INCREMENT=8;
--
-- AUTO_INCREMENT for table `user_type`
--
ALTER TABLE `user_type`
  MODIFY `ID` int(11) NOT NULL AUTO_INCREMENT, AUTO_INCREMENT=6;
/*!40101 SET CHARACTER_SET_CLIENT=@OLD_CHARACTER_SET_CLIENT */;
/*!40101 SET CHARACTER_SET_RESULTS=@OLD_CHARACTER_SET_RESULTS */;
/*!40101 SET COLLATION_CONNECTION=@OLD_COLLATION_CONNECTION */;